,0,1,2,3,4,5,6,7,8,9,10,11,12,13,14,15
0,talk,tiktokban,gain,momentum,thedrum,catch,marketing,expert,find,see,ad,,,,,
1,tiktok,tiktokban,tiktok,usa,legal,implication,tiktok,us,app,ban,dodge,,,,,
2,censorship,montana,governor,want,expand,state,tiktokban,potentially,include,socialmedia,platform,,,,,
3,tiktok,tiktokban,tiktok,usa,legal,implication,tiktok,us,app,ban,dodge,,,,,
4,kanekoathegreat,elonmusk,besides,datum,collection,social,platform,tiktok,great,vehicle,,,,,,
5,accord,research,five,million,business,use,ban,platform,harm,priva,httpstcomldqntiwb,,,,,
6,bring,silly,tiktok,video,twitter,fyp,indiastandswithptusha,jedisurvivor,,,,,,,,
7,montanas,governor,push,broaden,bill,ban,tiktok,include,social,medium,app,share,datum,wit,,
8,go,fyp,newtoclapper,tiktokban,via,theclapperapp,,,,,,,,,,
9,bbig,tiktok,tiktokban,influencermarkete,lbgtq,mothersday,itskac,natenquirer,usweekly,,,,,,,
10,jordanbpeterson,jordanbpeterson,russia,interference,real,mostly,work,china,ccp,feminize,man,,,,,
11,imagine,war,leader,past,julius,caesar,witness,nature,conflict,app,,,,,,
12,delhimetro,thanks,tiktokban,nahi,inside,metro,see,disgusting,video,,,,,,,
13,facebook,fuel,tiktokban,mark,,,,,,,,,,,,
14,tiktok,tiktok,time,nation,fastestgrowe,social,medium,platform,potential,ban,rem,,,,,
15,creator,kat,stickler,be,not,worried,possible,tiktokban,httpstcozqescdymnh,magic,l,,,,,
16,follow,I,m,follow,anyone,cryptobtc,mining,economic,web,back,first,follower,,,,
17,fact,congress,learn,something,right,thing,make,everyone,happy,tiktok,httpstcoldfyqxlfbn,,,,,
18,say,plan,you,re,god,damn,thing,leave,tiktok,alon,,,,,,
19,full,episode,pay,meta,verified,watch,full,video,youtube,channel,,,,,,
20,come,america,guise,tiktokban,chanelrion,,,,,,,,,,,
21,black,woman,do,not,know,whatever,drug,he,s,time,investigate,lordt,,,,
22,half,state,ban,stateowne,device,network,governor,still,use,,,,,,,
23,montana,gov,seek,expand,tiktok,ban,social,app,tiktok,montana,tiktokban,socialmediaapp,,,,
24,montana,gov,seek,expand,tiktok,ban,social,app,tiktok,montana,tiktokban,socialmediaapp,,,,
25,montana,governor,seek,change,tiktok,ban,bill,eu,offer,case,new,digital,regulation,via,,
26,video,trans,student,attack,female,student,riverside,adult,school,can,tiktok,delete,,,,
27,bytedance,push,new,social,medium,app,tiktok,face,we,ban,aso,help,developer,marketer,,
28,bytedance,push,new,social,medium,app,tiktok,face,we,ban,aso,help,developer,marketer,,
29,honestly,do,not,keep,tiktok,getting,ban,we,someone,briefly,tell,we,government,httpstcolytkalainz,,
30,meta,be,not,going,manage,grow,earning,fall,less,expected,go,,,,,
31,biden,propose,restrict,infact,single,big,human,httpstcoskofpvxcae,,,,,,,,
32,bytedance,finance,billion,dollar,global,particular,american,investor,complicate,,,,,,,
33,possible,tiktok,ban,could,impact,nil,deal,tiktokban,,,,,,,,
34,reptilian,alien,overlords,tiktokban,deepstate,aliens,reptilian,news,illuminati,politic,,,,,,
35,send,dm,get,help,facebookdown,facebook,snapchatsupport,snapchatleaks,tiktok,whatsapp,tiktokban,,,,,
36,cabo,vibe,nic,castle,really,like,put,caption,ex,httpstcoyzxsgcxvrc,,,,,,
37,post,short,tiktok,month,happen,twitchstreamer,apex,tiktokban,httpstcodqhuhcspim,,,,,,,
38,tiktokban,still,possibility,usa,bytedance,parent,company,tiktok,create,nothe,rap,,,,,
39,text,social,medium,account,recovery,crypto,asset,hackedgmail,hackedinstagram,httpstcolhfuyqxvap,,,,,,
40,metas,nick,clegg,invoke,antichina,rhetoric,tiktok,tiktok,tiktokban,tiktokusban,nickclegg,instagram,,,,
41,metas,nick,clegg,invoke,antichina,rhetoric,tiktok,tiktok,tiktokban,tiktokusban,nickclegg,instagram,,,,
42,bytedance,offer,different,app,united,states,even,though,tiktok,may,outlaw,tiktokban,unitedstate,,,
43,tittok,creator,discuss,restrictact,tiktokban,really,ban,,,,,,,,,
44,irish,cyber,security,watchdog,recommend,ban,tiktok,governmentissue,device,cite,,,,,,
45,montana,governor,seek,broaden,bill,would,ban,tiktok,cover,social,medium,platform,report,tiktok,httpstcohjauscnfot,
46,montana,governor,seek,broaden,bill,would,ban,tiktok,cover,social,medium,platform,report,tiktok,,
47,short,content,different,gambling,addiction,arguably,much,bad,tiktokban,,,,,,,
48,creator,kat,stickler,be,not,worried,possible,tiktokban,magic,l,,,,,,
49,I,m,stuck,tiktok,blame,tiktok,make,addicted,lol,tiktok,tiktokhot,tiktokban,,,,
50,show,dog,bark,stream,dogsmy,foot,dog,imsorry,viral,,,,,,,
51,inbox,account,recovery,hack,facebookdown,facebook,snapchatsupport,snapchatleaks,tiktok,httpstcocwgzouicvv,,,,,,
52,inbox,account,recovery,hack,facebookdown,facebook,snapchatsupport,snapchatleaks,tiktok,,,,,,,
53,inbox,account,recovery,hack,facebookdown,facebook,snapchatsupport,snapchatleaks,tiktok,httpstcovvallkwqrm,,,,,,
54,honestly,really,like,comment,positive,people,like,picture,much,video,,,,,,
55,creator,kat,stickler,be,not,worried,possible,tiktokban,httpstcohzfmyqczkd,magics,l,,,,,
56,you,all,know,try,get,rid,tiktok,educating,education,system,,,,,,
57,tiktoksupport,tiktokcreator,tiktokban,tiktokdown,tiktoklive,guy,please,help,can,,,,,,,
58,nearly,half,we,voter,would,ban,tiktok,particularly,never,use,tiktok,tiktokban,socme,,,
59,account,follow,tiktok,i,d,tiktokban,shakaholamassacre,virl,,,,,,,,
60,tiktok,ban,usa,tiktokban,ban,newtotwitter,,,,,,,,,,
61,bytedance,push,new,app,us,tiktok,face,ban,dailytopfeed,news,,,,,,
62,happen,vine,boom,tiktok,shut,right,justsaying,tiktokban,,,,,,,,
63,man,hate,tiktok,get,shadow,ban,go,couple,per,vid,less,hurt,,,,
64,lose,comfort,favorite,tiktok,videos,america,basically,jealous,app,fact,pe,,,,,
65,tiktokban,bantiktok,wechat,social,medium,app,control,chinas,communist,party,must,ban,immediat,,,
66,recently,step,social,medium,game,yes,also,start,account,week,ago,th,,,,
67,I,ve,learn,much,health,healing,unlearn,bad,habit,list,go,feed,educat,,,
68,american,media,refuse,acknowledge,view,usa,nation,one,primary,reason,,,,,,
69,tiktok,ban,divide,young,old,democrats,republicans,wsj,poll,find,tiktokban,usa,httpstcomtxwkuipji,,,
70,conversation,civil,liberty,director,electronic,frontier,foundation,eff,david,green,,,,,,
71,marketer,survey,spend,half,socialmedia,budget,tiktok,here,ban,could,mean,,,,,
72,creator,kat,stickler,be,not,worried,possible,tiktokban,magic,l,,,,,,
73,tulsi,say,bad,legislation,do,not,want,segment,government,make,decision,we,,,,
74,abc,promote,tiktok,gratuitous,click,bait,shame,getreal,tiktokban,china,medium,,,,,
75,think,opinion,tiktok,usa,tiktokban,fyp,viral,,,,,,,,,
76,bbig,stockmarketnews,court,justice,finra,sec,stockmarket,utahpolitician,johnnytabacco,,,,,,,
77,hey,bring,awareness,post,video,police,brutality,block,accoun,,,,,,,
78,siientmajority,tiktokban,platform,need,kick,usa,ccp,hack,corrupt,usa,,,,,,
79,ban,tiktok,stupid,thing,I,ve,hear,tiktokban,,,,,,,,
80,hack,recovery,service,dm,cybersecurity,hacker,infosec,security,cyber,tech,httpstcoybvuxksfda,,,,,
81,tiktok,usage,ban,irish,government,device,amid,cybersecurity,concern,bytedance,china,eu,europeanunion,,,
82,feel,like,tiktok,already,swallow,instagram,social,medium,platform,tech,people,government,,,,
83,thought,potential,tiktokban,tiktok,allow,we,,,,,,,,,,
84,cell,phone,china,come,can,not,app,china,overhear,tiktok,live,propose,tiktokban,,,
85,take,right,step,make,sure,child,safe,use,social,medium,expert,share,,,,
86,big,trojan,horse,ever,see,tiktokban,,,,,,,,,,
87,finkd,think,right,know,much,money,markzuckerberg,funnel,politician,tiktokban,,,,,,
88,govt,worry,tik,tok,education,gun,violence,poverty,real,problem,,,,,,
89,claresduffy,victorblackwell,amaracnn,interesting,piece,tiktok,please,check,amy,podcast,tiktok,prop,,,,
90,something,think,w,tiktokban,oh,also,complete,power,grab,republicans,democrats,,,,,
91,let,blow,popsicle,stand,tiktokban,lol,tiktokhotviral,httpstcomvfipluxib,,,,,,,,
92,video,ready,today,tiktok,tiktokban,,,,,,,,,,,
93,ireland,ban,tiktok,government,device,cybersecurity,concern,tiktokban,irelandbanstiktok,,,,,,,
94,tiktok,tiktokban,tiktok,usa,legal,implication,tiktok,us,app,ban,dodge,,,,,
95,tiktok,tiktokban,tiktok,usa,legal,implication,tiktok,us,app,ban,dodge,,,,,
96,yemen,china,taiwan,tiktokban,restrictact,repthomasmassie,syria,iran,amp,cove,,,,,,
97,break,irelands,ncsc,say,tiktok,official,device,find,join,discussion,,,,,,
98,us,house,speaker,say,lawmaker,move,forward,tiktok,bill,please,follow,show,support,,,
99,reminder,importance,safeguard,user,datum,privacy,today,digital,landscape,tiktokban,,,,,,
100,wonder,mass,shooting,america,happen,hypnosis,go,long,everyt,,,,,,,
101,post,well,case,tiktok,gets,ban,tiktokban,,,,,,,,,
102,video,tik,tom,yesterday,today,tiktokchallenge,tiktokban,tiktok,,,,,,,,
103,legislative,idea,family,start,use,tiktok,half,time,job,debunk,myth,alternative,fac,httpstcosmymwwpgpc,,
104,legislative,idea,family,start,use,tiktok,half,time,job,debunk,myth,alternative,fac,,,
105,tik,tok,run,communist,party,china,run,we,state,department,amp,cia,new,investiga,,
106,world,montana,enforce,ban,tiktok,seem,like,legislation,can,not,work,real,wor,,,
107,likely,nationwide,tiktokban,companys,ceo,speak,congress,lobbyist,target,,,,,,,
108,tiktok,tiktokban,tiktok,usa,legal,implication,tiktok,us,app,ban,dodge,,,,,
109,davidwebbshow,tiktok,propose,restrict,act,datum,privacy,advance,agenda,podcast,availab,,,,,
110,likely,nationwide,tiktokban,comp,ceo,speak,congress,lobbyist,target,highle,,,,,,
111,marketer,say,spend,tiktok,despite,significant,brand,safety,concern,,,,,,,
112,will,not,long,find,phone,simon,harris,tiktokban,,,,,,,,
113,tiktok,ban,we,see,writer,thinks,ban,rightly,,,,,,,,
114,continue,uncover,tiktokban,australia,us,cybersecurity,firm,say,tiktok,access,lo,,,,,
115,comprehensive,framework,recommend,place,year,ago,would,address,tiktok,back,httpstcobtvelvgefb,,,,,
116,friday,rant,tik,tok,people,hurt,people,animal,racism,violence,lot,video,,,,
117,every,single,app,use,collect,datum,every,time,use,internet,datum,collect,rea,,,
118,mtagknudsen,know,buy,pay,facebook,twitter,instagram,cambridge,analytica,yo,,,,,,
119,bitter,rival,lm,fox,bookclapper,romancebook,clapforbook,tiktokban,smutbook,via,theclapperapp,,,,,
120,ban,tiktok,would,cybersecurity,disaster,tiktok,cybersecurity,tiktokban,,,,,,,,
121,please,help,get,account,unbanned,tiktok,tiktokban,tiktokviral,,,,,,,,
122,poster,montanas,tiktokban,violate,constitutionus,civil,society,group,,,,,,,,
123,snapchat,ceo,say,we,d,love,tiktok,ban,snap,poise,take,snappartnersummit,tiktokban,aiville,,
124,httpstcobchctzybdp,big,trojan,horse,ever,see,tiktokban,,,,,,,,,
125,ban,tiktok,search,batman,basketball,weightlift,motivational,speech,lead,depressi,,,,,,
126,let,make,tik,tok,content,well,please,fill,form,send,datum,tik,regard,user,pr,
127,capitalism,platform,mission,remove,ban,people,whore,show,majoriry,liv,,,,,,
128,hey,creator,worry,possible,tiktok,ban,myfluence,message,tiktokban,,,,,,,
129,april,montana,house,pass,consecutive,vote,sb,pass,ban,tiktok,state,click,,,,
130,got,ban,tiktok,streaming,cod,tiktokban,ban,cod,callofduty,,,,,,,
131,navigate,potential,tiktok,banwhat,brand,marketer,need,know,stephen,glasco,havasformula,,,,,
132,check,candace,owenss,video,tiktokban,,,,,,,,,,,
133,vonderleyen,tiktok,must,oblige,accept,user,social,medium,well,tiktokban,,,,,,
134,tiktoksupport,tiktokcreator,unban,account,bro,you,all,gon,believe,one,person,say,I,m,w,
135,free,speech,vs,national,security,propose,tiktok,ban,indiaw,news,tiktok,tiktokban,nationalsecurity,,,
136,please,help,account,ban,month,due,underage,,,,,,,,,
137,tiktok,ban,well,that,s,easy,join,clapper,high,video,view,none,,,,
138,poor,huggie,mr,second,good,lm,fox,reading,bookclapper,tiktokban,smutbook,clapforbook,via,theclapperapp,,
139,cyber,news,day,cybersecurityawarenss,tiktokban,,,,,,,,,,,
140,cyber,news,day,cybersecurityawarenss,tiktokban,,,,,,,,,,,
141,tiktok,uncertain,future,another,app,replicate,algorithmic,magic,take,crown,,,,,,
142,new,internal,document,discord,reveal,company,consider,ban,user,also,f,,,,,
143,despite,propose,us,tiktokban,long,line,journalismfestival,hear,tiktok,journos,keen,unde,,,,
144,govgianforte,government,overreach,tiktokban,,,,,,,,,,,,
145,clutch,bot,cod,skrillex,edm,kick,kickstreaming,fbgg,twitch,tiktokban,httpstcoznxdofmjsm,,,,,
146,gop,want,lawmaker,stop,use,tiktok,official,comms,dem,believe,well,alternative,instead,httpstcotxlkzzzdkt,,
147,think,good,time,remember,simple,rule,competition,good,consumer,snap,ceo,evan,spiegel,would,,
148,tiktok,ban,university,college,we,impact,student,httpstcoukjvmfvebp,,,,,,,,
149,jios,rapid,expansion,amp,indias,tiktokban,recently,gain,mandate,define,,,,,,
150,go,to,post,video,day,every,day,next,day,tiktok,tiktokban,,,,,
151,metafunde,lobby,behind,tiktokban,chinese,spying,,,,,,,,,,
152,tiktok,turn,grifter,app,people,like,ask,money,potentially,reach,child,tiktokban,,,,
153,year,old,use,play,around,drug,take,benadryl,could,not,feel,arm,I,m,glad,
154,tiktok,ban,what,s,cowboy,go,to,tiktok,tiktokban,,,,,,,
155,ban,tiktok,move,china,china,tiktok,tiktokban,boysmell,ccp,,,,,,,
156,love,see,people,make,website,easily,find,support,restrictact,amp,,,,,,
157,snap,ceo,say,he,d,love,tiktok,ban,short,term,httpstcokzocferdbu,snap,tiktokban,technew,,
158,right,wing,medium,newspaper,epochtime,write,article,compare,stance,tiktok,michellesteelca,sayi,,,,
159,make,podcast,redcircle,tiktokban,restrictact,,,,,,,,,,,
160,montana,ban,tiktok,come,see,alexthehumanoid,amp,say,httpstcomdapnhvdyi,via,,,,,,
161,dear,tiktoksupport,would,unban,lilmochidoll,she,s,never,break,guideline,really,sad,she,s,httpstcogxhaamciml,
162,rep,massie,work,tiktok,ban,restrict,act,kentucky,congressman,tell,republican,leadership,n,httpstcoyceklbofuq,,
163,rep,massie,work,tiktok,ban,restrict,act,kentucky,congressman,tell,republican,leadership,n,,,
164,nationwide,tiktok,ban,really,necessary,way,address,issue,protect,user,datum,,,,,
165,snap,ceo,evan,spiegel,say,tiktok,ban,would,benefit,snap,shortterm,partner,summit,snap,tiktok,tiktokban
166,hakimi,strike,back,ariana,grande,skeleton,body,backlash,jamie,foxx,stroke,tftc,ccpapaoblock,,,
167,tiktok,immense,cultural,impact,unquestionable,particularly,asia,pacific,region,however,west,c,,,,
168,expert,mtleg,tiktokban,do,not,understand,today,technology,can,not,enforce,likely,cost,,,
169,gavinnewsom,gavin,bill,say,do,not,say,gay,restrictact,say,tiktokban,,,,,
170,know,tiktok,tiktokban,knowingishalfthebattle,,,,,,,,,,,,
171,mr,second,good,lm,fox,forbid,romance,second,chance,romance,friend,lover,book,romancereader,,
