LABEL,Date,Source,Title,Headline
tiktok good,2023-01-23,Wired,The Internet Is Breeding Hordes of Adult Bluey Fans,Sure three year olds critics love this animated series about family dogs most vocal fans grownup commenters TikTok
tiktok good,2023-01-13,Lifehacker.com,This App Uses AI to Generate Custom Playlists,tired music streaming apps deciding what should listen take back power PlaylistAI that uses help create playlists easily compatible with Spotify Apple Music lets specify kind
tiktok good,2023-01-19,Lifehacker.com,The Skincare Routine Every Tween Needs According to a Dermatologist,Maybe already realize this puberty wild From ages about tweens trying figure function world even while everything about them changes blame them zoning TikTok maybe picking
tiktok good,2023-01-10,Engadget,Former Forza Horizon leaders open AAA studio Maverick Games,more video game veterans forming studio after leaving industry heavyweight leaders from Forza Horizon creator Playground Games have established Maverick Games Leamington Spak development house devoted titles Gamesindustr
tiktok good,2023-01-05,Business Insider,TikTok is full of credit card hacks to help improve your credit score but not all of it is good advice,TikTok creators offer tips tricks credit card users should wary potentially advice from self proclaimed money experts
tiktok good,2023-01-09,Lifehacker.com,How to Start Editing Wikipedia Articles On Your Own,Wikipedia free encyclopedia that anyone edit says right homepage editing Wikipedia articles pretty intimidating especially newbies curious about editing know where start great news Annie
tiktok good,2023-01-18,Entrepreneur,Do You Know How Bad I Want This Money Man Finds in McDonald s Drive Thru Order,customer went viral what next
tiktok good,2023-01-23,Entrepreneur,Shark Tank s Barbara Corcoran Wants to Invest In Someone Who Probably Needs a Good Shrink Instead of a Business,been around long enough know that best entrepreneurs often driven deep personal injuries
tiktok good,2023-01-18,Hacker News,Ask HN Techwise how did TikTok get so good,Comments
tiktok good,2023-01-06,The Guardian,Why is TikTok obsessed with dogs that look like pizza slices and why is that making me sad,Borzois were already popular social media their long snouts ennui Muppets involved what going Calla apparently there TikTok trend that filtered through Instagram where geriatric
tiktok good,2023-01-25,Entrepreneur,Ex Google Employee Documents the Day She Was Let Go Amid Mass Layoffs A Really Bad Game of Russian Roulette,TikTok video showed candid view into what nearly Google employees experienced last Friday
tiktok good,2023-01-12,The Guardian,Uh oh boom TikTok is in love with simulated shipwrecks,Fans accurate physics engine reimagine historic shipwrecks makes difficult look away shark swims slowly serenely beneath Bismarck seconds before sinks deep into ocean Seemingly nowhere battleship tilts
tiktok good,2023-02-02,The Guardian,Watch this creep the women exposing gym harassment on TikTok,hashtag weirdos received nearly views women covertly record their experiencesWomen have long been hyper vigilant about unwanted male attention before smartphones sense they were being stared more feeling
tiktok good,2023-01-17,Business Insider,I m an extreme couponer Here s how I get the best deals on groceries and other items,Kayla Burk been extreme couponer years Even during inflation says there always good offers groceries other necessities
tiktok good,2023-01-12,Android Central,Twitter now defaults to a TikTok style feed nobody asked for,Twitter rolled tabbed interface home screen where default feed dictated algorithm
tiktok good,2023-01-21,The Guardian,What are we worrying about when we worry about TikTok Samantha Floreani,Sensationalist headlines reactionary calls stricter moderation risk missing forest treesIs there platform that creates much collective angst TikTok some TikTok just silly video others symbol
tiktok good,2023-01-19,Business Insider,Laid off workers are posting on TikTok to regain a sense of control,More young workers posting honest vlogs discussing unemployment Some finding jobs building source income
tiktok good,2023-01-10,The Guardian,TikTok has been spying on reporters exactly no one is surprised,Inside social video scandal Plus Musk continues Trump tech Apple might finally make metaverse interesting TechScape delivered your inbox Sign full article here Hello welcome TechScape
tiktok good,2023-01-07,The Guardian,TikTok car fishing craze leads to closure of ancient Rufford ford,Council steps after videos social media turn Nottinghamshire river crossing into viral tourist attractionDeep English countryside ancient river crossing that been used various forms least years featured Dome
tiktok good,2023-01-27,Business Insider,Some of the most controversial beauty gurus are speaking out as a TikTok star s mascara review stirs up explosive drama on the app,TikTok star mascara review sparks snowballing controversy among beauty community some most controversial gurus speaking
tiktok good,2023-02-01,BBC News,Facebook Quarter of global population used site daily in December,firm shares surge helped better than expected growth daily users
tiktok good,2023-01-08,Business Insider,An year old Walmart cashier finally retires after TikToker helps raise more than in online donations,astounded seeing this little older still grinding working hour shifts TikToker Rory McCarty wrote GoFundMe page
tiktok good,2023-01-28,Business Insider,Trans influencer Dylan Mulvaney reveals the results of her facial feminization surgery in a Swan Lake and Old Hollywood inspired video,TikToker Dylan Mulvaney became most recognizable faces platform after series documenting every being girl went viral
tiktok good,2023-01-10,Business Insider,Sephora is dropping the beauty lines of TikTok stars Addison Rae and Hyram Yarbro,Influencer founded beauty brands have seen mixed results over years Sephora dropping beauty lines TikTok stars
tiktok good,2023-01-12,Entrepreneur,I Feel Like I m Dead Woman Alleges That She Was Fired From Walmart For Posting on TikTok,viral video former Walmart employee shows what posted that reportedly lead being
tiktok good,2023-01-21,NPR,Rene Rapp wants to burn out by and it s all going perfectly to plan,know about Rapp from TikTok Broadway says that just been service true passion solo music career
tiktok good,2023-02-02,Business Insider,Instagram got popular by favoring big brands over cool content which is why it s now losing to TikTok,Instagram algorithm favors creators influencers whereas TikTok algorithm favors most interesting content catch
tiktok good,2023-01-11,Gizmodo.com,The Year Ahead in Autonomous Responsibility,Nikki Main covers breaking news Gizmodo follow coverage here email story ideas tips nmcaleese gizmodo Read more
tiktok good,2023-01-20,The Guardian,Meet Hugo and Huxley the pet influencers makingt k a year,Boom advertising trend creatures promote everything from cars collars ferries welliesAt first glance Hugo Huxley look like thousands other golden retrievers these influencers make their owner Ursula Aitchison more
tiktok good,2023-01-10,Kotaku,Your Guide To Crafting The Perfect Gaming TikTok For You Page,Before downloaded TikTok which currently most downloaded world headlines tried spook over vile international plots siphon personal data Grown anyone least years older than tsked generation shriveled
tiktok good,2023-01-27,Business Insider,Julia Fox apologized for not knowing TikTok s alternative meaning of mascara It was in fact not just mascara,TikToker used term mascara post about consensual made light seemingly realizing TikToker speaking about sexual assault
tiktok good,2023-01-11,Kotaku,I Played Mobile Games With Awful Ads To See WTF Is Going On,have seen fair share hilarious disturbing surreal advertisements mobile games seems almost impossible avoid them while watching gaming videos TikTok scrolling through your Twitter feed Read more
tiktok good,2023-02-04,The Guardian,Cool understated chic all hail the return of brown mascara Sali Hughes,This often overlooked classic flatterer made comeback thanks TikTokWhether care about TikTok thank alone rescuing brown mascara from discontinued doldrums Before Charlotte Tilbury berry toned brown Dream
tiktok good,2023-02-03,Business Insider,I made nearly million in years selling my nursing school study notes on Etsy and TikTok here s how,hospital worker selling study materials says people like notes because they hand written very concise
tiktok good,2023-01-10,Kotaku,The Rescue Of Logan Paul s Old Pig Has The Internet Aghast,Disgraced YouTube influencer turned amateur boxer turned publisher Logan Paul once again universally loathed after animal sanctuary Gentle Barn released TikTok Monday suggesting rescued former from wild Named Pearl
tiktok good,2023-02-02,Vice News,MrBeast s YouTube Is So Good It s Making Me Sick,Charity content freaking
tiktok good,2023-01-12,Business Insider,Meet Keith Lee the pro fighter with social anxiety who became TikTok s food godfather and savior of local Las Vegas restaurants in a matter of months,Keith didn expect TikTok Vegas food reviews dedicated following quickly propelled online fame
tiktok good,2023-02-03,The Guardian,Don t tell us the bad news all at once how to talk to kids about grown up things,Abortion toxic masculinity human extinction What best talk children about issues expertsIf they lucky enough avoid them home children nonetheless exposed toxic relationships socia
tiktok good,2023-01-31,The Guardian,Social media companies in the US brace to battle onslaught of legal challenges,State federal lawsuits bills with reaching regulatory implications TikTok Meta others come head this yearSocial media companies United States bracing themselves battle onslaught state federal legislation
tiktok good,2023-02-01,HuffPost,Don t Miss This Very Good Sale On JBL Wireless Listening Devices,select wireless listening accessories
tiktok good,2023-01-12,Fox News,TIK D OFF Is national security harmed when Congress uses TikTok Americans weigh in,People Austin Texas shared their opinions whether members Congress compromise national security using TikTok Chinese owned short video
tiktok good,2023-01-10,Smittenkitchen.com,cauliflower salad with dates and pistachios,clean fridge salad spend possibly unhealthy amount time thought going scrolling TikTok watching other people clean their apartments mean that going debating whether needs recipe
tiktok good,2023-02-02,Time,Washington Is Turning Against TikTok Should Users Be Worried About a Ban,Some Democrats Republicans calling amid ongoing concerns Beijing could access user data
tiktok good,2023-01-29,CNET,A Vet Names His Top Dog Breeds CNET,Which breeds safest best when comes dogs
tiktok good,2023-01-21,The Guardian,Will we be able to look away from the mummy issues raised on Milf Manor Bidisha Mamata,reality show which mothers sons live together start flirting weirdly kinky also oddly naturalIf woman certain struggling housing crisis could always check into Milf Manor reality show whic
tiktok good,2023-01-05,The Guardian,Girl group Flo win BBC Sound of,London trio released their debut single Cardboard beat Fred Again Archives Gabriels annual poll which good record predicting breakout successLondon girl group have taken spot
tiktok good,2023-02-01,Gizmodo.com,Samsung s Galaxy S Ultra Has the Ultimate Smartphone Camera Lens,Samsung officially revealed flagship lineup year Galaxy Ultra will sale Each phone starts different price point with Ultra being ultimate model Galaxy will also pack punc
tiktok good,2023-01-30,Vice News,The Shark FlexStyle Is Half the Price of Dyson s Airwrap and Just As Good,This blow straighten curl diffuse your hair time half price Dyson coveted Airwrap
tiktok good,2023-01-16,Entrepreneur,Doctors and Nurses Are Becoming Major Influencers on TikTok While It Can Be Fun and Therapeutic They Also Risk Treading in Unethical Waters,Experts humanizes profession building deeper connection between patients physicians
tiktok good,2023-01-26,Vice News,Playboy Finally Dropped Sex Toys but Are They Any Good,Three headed rabbit vibrators spinning butt plugs thrusting dildos Playboy first ever line came play hard dirty
tiktok good,2023-01-06,The Guardian,Cristiano Ronaldo lands at Al Nassr the next leg in football s flight from reality Barney Ronay,Once great influential player Ronaldo avatar human greed symbol worrying shift sportIt would easy mention cheap pointless snigger sneer laugh Cristiano Ronaldo right think
tiktok good,2023-01-13,The Guardian,Allison Williams If I was cast on Girls now the experience would be much more stressful,actor reflects role zeitgeisty series subverting expectations horror nepo baby discourseFor those with even tentative online hard avoid impact yassified evil doll turned newly
tiktok good,2023-01-19,Business Insider,I m a stay at home dad who makes a month through YouTube and email marketing The first year I only made cents here s how I scaled up,Judd Albring works hours week posting video content crafting emails Here mostly passive income streams
tiktok good,2023-01-12,CNET,A Veterinarian s Top Dog Breeds See If Your Dog Is on the List CNET,your mutt good company
tiktok good,2023-01-31,Food52.com,Does Pancake Batter Belong in Your Ice Cube Tray,childhood smelled maple syrup After discovering TikTok induced reemergence freezing pancake batter cube trays days once again become maple scented Back time when there clear distinction between good eating pancakes
tiktok good,2023-01-05,Business Insider,I work in party hostels all around the world I clean gross rooms and host all night pub crawls in exchange for a free place to live here s what it s like,When Taylor Futch noticed everyone settling down packed bags works hostel country every months
tiktok good,2023-01-06,The Guardian,New York City schools ban AI chatbot that writes essays and answers prompts,ChatGPT tool will forbidden across devices networks public schools over concerns about negative impacts learning York City schools have banned ChatGPT artificial intelligence chatbot that generates human like writing including essay
tiktok good,2023-01-27,Boing Boing,Quiet quitters of the world unite and take over,only reason workers quiet quitting because they cannot afford loud quitting labor unions experience resurgence interest manufacturing higher education service industry transportation capitalists their managers compl
tiktok good,2023-01-10,Business Insider,I m a year old virtual assistant making a month Here s how I built my business and find clients,Mary Carrasquillo launched virtual assistant business when couldn find pandemic Here built
tiktok good,2023-01-19,CNN,M GAN is already an icon Could existing AI turn her into reality,There shortage robot uprising fiction Western canon works Bradbury Philip Dick classics like Terminator family friendly spins like Mitchells Machines conceit that preys mankind
tiktok good,2023-01-25,The Guardian,It felt like a job application the people weeding out first dates with questionnaires,Some users sending surveys screen potential suitors quiz ever lead love night this January Robert Stewart scrolled through Hinge matches decided revive conversation begun months with woman
tiktok good,2023-01-27,Business Insider,A supportive and educational online community exists for people with chronic illnesses They call themselves spoonies,Members spoonie community connect over what like have chronic illness they offer each other education support
tiktok good,2023-01-23,Kotaku,Forspoken Release Trailer Exploits Bogus Accolades,Everything about leadup release Forspoken Square Enix open world action been lowkey mess wouldn know that from launch trailer which stays upbeat modern magical adventure taking bunch words
tiktok good,2023-01-20,Business Insider,Rage applying is the workforce s newest term but an HR expert advises employers to be wary of applications submitted based on short term emotions,Rage applying other jobs when your current employer flight flight response experts quitting always right move
tiktok good,2023-01-09,Apartment Therapy,What Is a Rain Lamp Here s Why You Might Want this Kitschy Piece,Self proclaimed maximalist Birdie Wood garnered following TikTok thrifting content recently revealed favorite thrifted item from last year that land your decor wishlist been doing thrifting this
tiktok good,2023-01-24,Yahoo Entertainment,Chinese netizens slam Korean celebrities for saying Lunar New Year instead of Chinese New Year,Chinese social media users flooded comment sections Korean celebrities wished their fans good fortunes using phrase Lunar Year instead
tiktok good,2023-01-12,Polygon,The viral sensation Skinamarink is this generation s Blair Witch Project,Skinamarink scary Skinamarink boring Horror fans seen vehemently disagree after movie leaked online became sensation TikTok debate recalls Blair Witch Project another similarly experimental film that helped
tiktok good,2023-01-13,Gizmodo.com,An Interview With the Guy Who Has All Your Data,Chad Engelgau Acxiom data broker that operates world biggest repositories consumer information company claims have granular details more than billion people across different countries chances that Acxiom
tiktok good,2023-02-03,The Guardian,Notto London W Pasta is safe in these chefs hands Grace Dent on restaurants,There nothing remotely revolutionary gimmicky happening here pocket friendly pasta restaurant heart capital exciting prospectOne challenge weekly restaurant reviewer that several times year expected produ
tiktok good,2023-01-06,The Guardian,Andrew Tate investigation that could bring down king of toxic masculinity,While young continue taken Tate online playboy lifestyle Romanian police carry inquiries into alleged trafficking female victimsAn year dentistry student from Lebanon paces outside fortified compound outskirts
tiktok good,2023-01-18,The Guardian,Hoppy feet the nostalgic return of frog faced wellies,First designer Anderson gave shaped like pigeon sure start trend with clogs made collaboration with royal favourites WellipetsWhat eyes green skin kept your feet when were child Anyone
tiktok good,2023-01-28,Business Insider,Airbnb hosts latest trick to draw more bookings cleaning fees,Some guests they with fees that double cost stay hosts told Insider that touting fees seemed boost bookings
tiktok good,2023-01-19,The Guardian,TikTok is overrun by amateur sleuths so which clues should I leave in case I go missing Michael Sun,Everyone from awkward boyfriends supposedly nefarious fiances being held account jurors million deranged zoomersIf more dedicated podcast listener certain would nutter true crime genre with which share many core
tiktok good,2023-01-13,GameSpot,Official Pokemon TikTok Account Accidentally Shares Expletive Riddled Clip,Though everybody loves Pokemon like Nintendo popular franchises games known their child friendly tone appears that someone with access official Pokemon TikTok account have momentarily forgotten this posted rath
tiktok good,2023-01-09,Business Insider,Playbook financial planning review,Playbook offers higher income earners automate their savings reduce their taxes same time
tiktok good,2023-01-26,Business Insider,Gen Z job hunters are more worried about a company s reputation than layoffs survey says,survey shows majority college students recent graduates tend prioritize things like transparency company reputations
tiktok good,2023-01-21,The Guardian,Could simply calling myself a lucky girl like a Gen Z Tik Tokker really transform me into one Hannah Ewens,craze little more than rehash manifestation January bleakness made desperate enough give goSomething strange happened last year five occasions needed money something plane ticket
tiktok good,2023-01-07,The Guardian,The ChatGPT bot is causing panic now but it ll soon be as mundane a tool as Excel John Naughton,assisted chatbot that generate eerily fluent prose only latest long series useful tech accessoriesSo ChatGPT language processing model burst upon astonished world rent squeals delight cries outra
tiktok good,2023-01-30,The Guardian,Oh my God this is big How the Cardigans went stratospheric with Lovefool,Nike store York after Luhrmann took Romeo Juliet video came screen salespeople were singing along outside freaked just released second album Life
tiktok good,2023-01-31,Entrepreneur,This Just Can t Be for Real Fyre Festival Fraudster Billy McFarland is Now Hiring For His New Tech Company And He s Already Selling Merch,McFarland released from house arrest last September currently being ordered million restitution fraud victims
tiktok good,2023-01-20,Mental Floss,Shoppers Say This Top Rated Tool Works Like Magic for Removing Unwanted Pet Hair,With ChomChom hair remover farewell sticky sheets good
tiktok good,2023-01-28,The Guardian,Wrexham hope to use Hollywood spotlight to develop new stars Will Unwin,National League leaders another upset Sunday striving attract local talent their academyWrexham short term ambitions clear everyone Welsh club famous having Hollywood actor owners desperately want quickly
tiktok good,2023-01-16,Business Insider,A cruise ship dancer and musician reveal what it s like to be entertainers at sea,Cruise ship performers have significantly more time privileges than other crew members Royal Caribbean employees told Insider
tiktok good,2023-01-11,Bleacher Report,Dolphins Tua Tagovailoa A Good Player but a Lot Like Kirk Cousins AFC Exec Says,Miami Dolphins quarterback Tagovailoa shown flashes brilliance throughout three year career prove himself franchise
tiktok good,2023-01-30,The Guardian,A lot of the demons seem a little cheesy now Sarah Michelle Gellar on Buffy her burnout and her comeback,Shaken death sitcom star Robin Williams actor career hold best part decade back battling supernatural beings Wolf Pack will ever revive Slayer When Sarah Michelle Gellar sent
tiktok good,2023-01-19,HuffPost,People Are Using ChatGPT To Write Their Job Applications Should You,chatbot generate cover letters quickly recruiters there wrong
tiktok good,2023-02-05,Business Insider,The millennial boss guide to managing Gen Z based on stereotypes of the younger generation,Generic advice like Just show crush every going work managing Here what will resonate with young workers
tiktok good,2023-02-02,Boing Boing,Conspirituality A podcast that dismantles New Age cults wellness grifters and conspiracy mad yogis,Self identified people self proclaimed mystics conspiracy theorists have been hyping hawking Christian Science snake spirituality with healing properties since least early part century forgeries ideas that
tiktok good,2023-01-19,Business Insider,These van lifers stay in scenic mansions for free as traveling house sitters here s how,Danielle Gross Gunnar Michels married strangers then joined Trusted Housesitters they stay mansions free
tiktok good,2023-01-28,The Guardian,dating green flags that shout this one s a keeper,Gives space doesn voicemail liked dogs guide telltale signs that relationship real dealJust much easier fire cutting snark than offer constructive criticism advice dating relationships tends
tiktok good,2023-02-01,Bleacher Report,Chargers OC Kellen Moore on Cowboys Exit Change Can Be Really Good for All of Us,Dallas Cowboys former offensive coordinator Kellen Moore
tiktok good,2023-01-11,Bleacher Report,ESPN Insider Calls Texans a Sneaky Good HC Job Because of Cap Space Draft Picks,Houston Texans haven more than four games last three seasons ESPN
tiktok good,2023-01-26,HuffPost,This Wildly Popular Bottle Will Filter Your Drinking Water And It s Majorly On Sale,These reusable water bottles equipped with LifeStraw part filtration technology that removes bacteria parasites well chemicals microplastics
tiktok good,2023-01-30,Entrepreneur,How to Manage and Maximize Your Marketing Budget During Times of Economic Uncertainty,Choppy economic waters push nervous business owner slash marketing budgets jump though because there several more measured approaches should take first
tiktok good,2023-01-13,Search Engine Journal,Key Insights From TikTok In The What s Next Trend Report via sejournal gregjarboe,Find reach consumers with right kind content engage excite TikTok What Next Trend Report post Insights From TikTok What Next Trend Report appeared first Search Engine Journal
tiktok good,2023-02-01,Time,Who Will Win and Who Should at the Grammy Awards,Predicting biggest categories night from face offs between Beyonc Adele nods Taylor Swift Kendrick Lamar Harry Styles
tiktok good,2023-01-10,The Guardian,Walmart cashier finally able to retire after wellwishers fundraising effort,Navy veteran Warren Butch Marion plans house visit family after businessman raises social mediaA Walmart cashier scores Americans forced continue working into been able retire thanks
tiktok good,2023-01-10,Bleacher Report,Mets Updated Payroll After Carlos Correa Contract Falls Through,York Mets appear have lost Carlos Correa sweepstakes might good thing payroll
tiktok good,2023-01-11,Hootsuite.com,The Best Places to Find Cheap or Free TikTok Templates,Tired being your producer editor star your TikTok rise fame Good news There plenty post Best Places Find Cheap Free TikTok Templates appeared first Social Media Marketing Management Dashboard
tiktok good,2023-01-06,The Guardian,My father thought not eating meat was silly but the vegan revolution has been seismic Grace Dent on restaurants,Restaurants have finally realised that there money made from tofu eatersOf foodstuffs past lips high street chain Wagamama something that probably most controversial Have tried vegan fake duck
tiktok bad,2023-01-20,Lifehacker.com,The Out of Touch Adults Guide to Kid Culture Why Does Everyone Hate Velma,Whether triumphant return meme condiment Pink Sauce potentially deadly frozen treats battle between internet Waffle House this week kids report about food There food thought consider everyone seems hate
tiktok bad,2023-01-05,Business Insider,TikTok is full of credit card hacks to help improve your credit score but not all of it is good advice,TikTok creators offer tips tricks credit card users should wary potentially advice from self proclaimed money experts
tiktok bad,2023-01-25,Entrepreneur,Ex Google Employee Documents the Day She Was Let Go Amid Mass Layoffs A Really Bad Game of Russian Roulette,TikTok video showed candid view into what nearly Google employees experienced last Friday
tiktok bad,2023-01-28,CNN,I know I m gonna get roasted Julia Fox shows off tiny NYC apartment in TikTok tour,true York City fashion Julia apartment little tight space
tiktok bad,2023-01-18,Entrepreneur,Do You Know How Bad I Want This Money Man Finds in McDonald s Drive Thru Order,customer went viral what next
tiktok bad,2023-02-03,The Guardian,Don t tell us the bad news all at once how to talk to kids about grown up things,Abortion toxic masculinity human extinction What best talk children about issues expertsIf they lucky enough avoid them home children nonetheless exposed toxic relationships socia
tiktok bad,2023-02-02,Reuters,From Lizzo to Gayle Grammy nominees highlight TikTok s sway in Reuters,Grammy nominated breakup song abcdefu latest viral sensation translate popularity TikTok into chart topping success music industry acclaim
tiktok bad,2023-01-12,The Guardian,Uh oh boom TikTok is in love with simulated shipwrecks,Fans accurate physics engine reimagine historic shipwrecks makes difficult look away shark swims slowly serenely beneath Bismarck seconds before sinks deep into ocean Seemingly nowhere battleship tilts
tiktok bad,2023-01-29,Calendar.com,Why These Bad Habits are Putting You Behind,talk about habits song released superstar musician Sheeran talking about little things every that slowly chipping
tiktok bad,2023-01-10,The Guardian,TikTok has been spying on reporters exactly no one is surprised,Inside social video scandal Plus Musk continues Trump tech Apple might finally make metaverse interesting TechScape delivered your inbox Sign full article here Hello welcome TechScape
tiktok bad,2023-01-18,Business Insider,tips for using TikTok as a small business owner without it taking up all of your time,Alice doubtful TikTok would help business PerfectDD until videos went viral made revenue month
tiktok bad,2023-01-07,The Guardian,TikTok car fishing craze leads to closure of ancient Rufford ford,Council steps after videos social media turn Nottinghamshire river crossing into viral tourist attractionDeep English countryside ancient river crossing that been used various forms least years featured Dome
tiktok bad,2023-01-27,Business Insider,Julia Fox apologized for not knowing TikTok s alternative meaning of mascara It was in fact not just mascara,TikToker used term mascara post about consensual made light seemingly realizing TikToker speaking about sexual assault
tiktok bad,2023-01-11,Gizmodo.com,The Year Ahead in Autonomous Responsibility,Nikki Main covers breaking news Gizmodo follow coverage here email story ideas tips nmcaleese gizmodo Read more
tiktok bad,2023-01-19,Business Insider,Laid off workers are posting on TikTok to regain a sense of control,More young workers posting honest vlogs discussing unemployment Some finding jobs building source income
tiktok bad,2023-01-25,Business Insider,A laid off Google employee says she went to Disneyland to eat her feelings after being locked out of her company systems,TikToker Nicole Tsai found that Google employees caught latest slew tech layoffs
tiktok bad,2023-01-27,Time,TikTok Is Celebrating DINKs Double Income No Kids Households,Fertility rates have been declining there growing share adults that plan have children
tiktok bad,2023-01-17,Entrepreneur,A Woman s Awful Experience Getting Refunded for a Candle on Etsy Went Viral After the Store Kept Insulting Her,After requesting refund owner store accused being drunk high testy exchange
tiktok bad,2023-01-10,The Guardian,Why is Spotify full of faster versions of pop hits Let s bring you up to speed,Sped versions existing songs becoming more popular than original versions behind trend listening accelerated chipmunk voice British singer Raye Escapism rebound anthem that currently climbing
tiktok bad,2023-02-02,The Guardian,I tried the TikTok non aesthetic home fad But it was a nightmare designed to inflict pain on me Michael Sun,feeble attempts live carelessly hours ended with surefire sign from above that cleaning again weekend culture lifestyle email have seen videos celebrities trotting through their squillion dollar
tiktok bad,2023-01-29,CNET,A Vet Names His Top Dog Breeds CNET,Which breeds safest best when comes dogs
tiktok bad,2023-01-30,Vice News,The Shark FlexStyle Is Half the Price of Dyson s Airwrap and Just As Good,This blow straighten curl diffuse your hair time half price Dyson coveted Airwrap
tiktok bad,2023-01-28,Business Insider,Jordyn Woods responds to woman who spent on her new clothing line and compared it to the clearance section of Shein,Jordyn Woods clothing line Woods Jordyn launched Monday with three dresses each priced
tiktok bad,2023-01-17,INSIDER,A woman s awful experience getting refunded for a candle on Etsy went viral after the store kept insulting her,Elisabeth Manente accidentally ordered wrong candle with contempt from Etsy store owner when requested refund
tiktok bad,2023-01-23,Kotaku,Forspoken Release Trailer Exploits Bogus Accolades,Everything about leadup release Forspoken Square Enix open world action been lowkey mess wouldn know that from launch trailer which stays upbeat modern magical adventure taking bunch words
tiktok bad,2023-01-29,The Guardian,I use it because it s better why chefs are embracing the electric stove,evidence mounts that stoves human health growing number professional chefs electric even makes better cooking experienceThe evidence that stoves human health grown staggering over last years
tiktok bad,2023-01-28,INSIDER,Katy Perry said she declined to work with Billie Eilish because she thought her song Ocean Eyes was boring Huge mistake,TikTok Perry shared KIIS Friday Perry said wasn initially impressed song Billie Eilish
tiktok bad,2023-02-02,Business Insider,TikTok s opposite approach to Instagram is winning the social media race,Instagram flop going sister company Facebook platform really only itself blame
tiktok bad,2023-01-24,Hubspot.com,The Role of Social Media in Super Bowl LVII Advertising,Welcome HubSpot Marketing News campaign deep dives latest marketing industry news tried true insights from HubSpot media team
tiktok bad,2023-01-05,Time,How the Witches and Vampires of the Anne Rice Universe Could Break the Curse of Bad Genre TV,With Mayfair Witches Interview with Vampire Anne Rice universe proposing solution streaming current crisis
tiktok bad,2023-01-27,Kotaku,Nobody Was Ready For This Twitch Streamer s Answer To Show Feet,What would random stranger asked your feet Probably chuckle awkwardly start walking faster Streamer neither better idea Twitch chat will never same again Read more
tiktok bad,2023-01-21,The Guardian,Will we be able to look away from the mummy issues raised on Milf Manor Bidisha Mamata,reality show which mothers sons live together start flirting weirdly kinky also oddly naturalIf woman certain struggling housing crisis could always check into Milf Manor reality show whic
tiktok bad,2023-02-02,Reuters,Sex lies and video cams Andrew Tate turned women into slaves Reuters,woman from Moldova thought love Internet celebrity Andrew Tate offered life They even discussed marriage asked only thing absolute loyalty
tiktok bad,2023-01-12,The Guardian,Brit awards Wet Leg and Harry Styles lead male dominated nominations,second year gendered categories five nominees artist year entirely maleA year after Brit awards abandoned gendered categories nominations replacement artist year prize entirely male comprising
tiktok bad,2023-01-21,The Guardian,Could simply calling myself a lucky girl like a Gen Z Tik Tokker really transform me into one Hannah Ewens,craze little more than rehash manifestation January bleakness made desperate enough give goSomething strange happened last year five occasions needed money something plane ticket
tiktok bad,2023-01-06,The Guardian,My father thought not eating meat was silly but the vegan revolution has been seismic Grace Dent on restaurants,Restaurants have finally realised that there money made from tofu eatersOf foodstuffs past lips high street chain Wagamama something that probably most controversial Have tried vegan fake duck
tiktok bad,2023-01-29,Slashdot.org,Classic Videogame Goldeneye Finally Comes to Nintendo Switch and Xbox,classic vidoegame GoldenEye finally landed Xbox Nintendo Switch writes Verge Xbox remaster includes resolution smoother frame rates split screen local multiplayer similar bound Xbox versi
tiktok bad,2023-01-17,Business Insider,I m an extreme couponer Here s how I get the best deals on groceries and other items,Kayla Burk been extreme couponer years Even during inflation says there always good offers groceries other necessities
tiktok bad,2023-01-19,CNN,M GAN is already an icon Could existing AI turn her into reality,There shortage robot uprising fiction Western canon works Bradbury Philip Dick classics like Terminator family friendly spins like Mitchells Machines conceit that preys mankind
tiktok bad,2023-01-17,INSIDER,A woman tried to film a TikTok gender reveal with her partner Then she remembered he was colorblind,TikToker Jenna Cowan went viral with video showing boyfriend appearing confused pink confetti meant symbolize they expecting baby girl
tiktok bad,2023-01-31,Gawker.com,The Best And Worst Media TikTok Accounts,Remind this when inevitably have start TikTok three months
tiktok bad,2023-01-05,Hubspot.com,Equinox Champions the Anti Resolution,Welcome HubSpot Marketing News campaign deep dives latest marketing industry news tried true insights from HubSpot media team
tiktok bad,2023-02-03,The Guardian,The fantasy of sugar dating They don t want you to be a sex worker they just want to pay you for sex,Lotte Latham tried being sugar baby dating older gifts money then began working escort instead memoir Dear Andrews explains weekend culture lifestyle email When Lotte Latham working
tiktok bad,2023-01-25,Time,Why the Internet Became Fixated on an Influencer Trip to Dubai,Last week multiple beauty lifestyle influencers began posting that they were going Dubai with Tarte Cosmetics gaining attention many skeptics online
tiktok bad,2023-01-10,DIYphotography,Seattle schools sue TikTok Meta Snapchat and YouTube over students mental health and behavioral issues,TikTok Facebook Instagram Snapchat YouTube their parent companies facing another lawsuit over mental health issues children This time comes from Seattle public school district claiming that apps have major role youth
tiktok bad,2023-02-01,Time,Who Will Win and Who Should at the Grammy Awards,Predicting biggest categories night from face offs between Beyonc Adele nods Taylor Swift Kendrick Lamar Harry Styles
tiktok bad,2023-01-27,The Guardian,Facebook is allowing Trump back The platform hasn t learned its lesson Jan Werner M ller,Trump never shown slightest repentance role what Facebook gingerly calls civil unrest left Nick Clegg once great hope liberal politics Britain nowadays cutting figure global lobbyist company with major
tiktok bad,2023-01-18,The Guardian,I was quick to ignore parental guidance but when dad told me to take cheese off my car I should have listened Elias Visontay,this series Guardian writers share best advice they have received impacted their lives Take that bloody cheese already would bark should have listened started spring weeknight just
tiktok bad,2023-01-10,The Guardian,Donkeys a neglected animal are having a moment and they deserve it Maeve Higgins,They might seem like creatures plod along thoughtlessly people care them know betterDonkeys having moment that they care sturdy creatures famous their stoicism screen sirens Donkeys have starring roles
tiktok bad,2023-02-05,Business Insider,The millennial boss guide to managing Gen Z based on stereotypes of the younger generation,Generic advice like Just show crush every going work managing Here what will resonate with young workers
tiktok bad,2023-01-20,Android Central,Meta will continue to dominate VR sales despite increased competition in,This year will biggest year ever despite competition from Sony Pico maybe even Apple Meta still
tiktok bad,2023-02-01,Stereogum,Zara Larsson Wore A Burzum Dress To An Awards Show Which Was A Bad Idea,Last month Swedish dance star Zara Larsson wore weird minidress Guld awards show that Norwegian radio station puts every year Revolver points dress question logos death metal bands Cannibal Corp
tiktok bad,2023-01-17,Moz.com,After Google Should SEOs Jump Ship,This post about health Google search product about implications improving products your strategy right Although know least post this blog being written that topic Instead this post about
tiktok bad,2023-01-30,The Guardian,We re fighting for a free future the Chechen battalions siding with Kyiv,Fighters Dzhokhar Dudayev battalion oppose Putin strongman Ramzan Kadyrov they battle with Ukrainian prejudiceFor their efforts fighting Ukraine eastern city Bakhmut Chechen volunteers Dzhokhar Dudayev battalion
tiktok bad,2023-01-30,Highsnobiety,No TikTok Charlotte Tilbury Is Not Promoting Witchcraft,This week TikTok Most Entertaining Earth Some particularly devout creators convinced that Charlotte Tilbury promoting witchcraft through line makeup products outlandish conspiracy theory stems back October blog
tiktok bad,2023-01-26,Techdirt,Josh Hawley Wants In On The TikTok Moral Panic Attention Proposes Nationwide Ban,Insurrectionist sprinter Josh Hawley joined growing chorus politicians spent years doing jack shit about consumer privacy abuses want pretend that banning single TikTok will protect American consumers from
tiktok bad,2023-02-02,Vice News,Dark Psychology TikTok Is Just Pickup Artistry For Women,Could open door incel black pill ideology
tiktok bad,2023-01-12,CNET,A Veterinarian s Top Dog Breeds See If Your Dog Is on the List CNET,your mutt good company
tiktok bad,2023-01-20,Quartz India,Why does Twitter s For You page feel so chaotic,decidedly different feel since Elon Musk took over
tiktok bad,2023-01-05,Bleacher Report,Sean McVay Calls Rams Season a Professional Failure After Missing NFL Playoffs,campaign been disappointment Angeles Rams would understatement head coach Sean McVay didn hold back
tiktok bad,2023-02-01,Bleacher Report,Novak Djokovic Played Through Hamstring Tear Injury to Win Australian Open,Novak Djokovic Australian Open while playing through tear left hamstring according toAustralian Open tournament director Craig Tiley
tiktok bad,2023-01-30,Fstoppers,Photography TikTok Is Horrible,make TikTok account this been adamant about doing longest time However this something worth talking about sometimes even dangerous this article will take deep dive into world horrible photography
tiktok bad,2023-02-01,Time,Everything to Know about the Grammy Awards,hosting perform most awards which surprise listers hope take stage
tiktok bad,2023-01-27,Highsnobiety,It s Y K Everyday With Addison Rae,unforgettable year many reasons spread Omicron unprecedented inflation Queen Lilibet death though despite wave good stuff that happened over last months Addison entrance into
tiktok bad,2023-01-25,DIE WELT,CSU l scht umstrittenen S der Clip auf TikTok,TikTok Clip Markus hatte Diskussionen Netz gesorgt Video bewarb eine Fragerunde Chef sehen waren mehrere junge Frauen Hintergrund lief Lied Bloodhound Gang Aufgrund glichen Textes wurde
tiktok bad,2023-01-11,Vice News,The Best Avatar Merch and Sex Toys for People Who Dream in Papyrus,water lube mean lube best navigated with spicy Avatar apparel gifts toys worthy Pandora
tiktok bad,2023-02-06,Yahoo Entertainment,Host Trevor Noah kicked off the Grammys by formally introducing Adele and the Rock,Live from Angeles host Trevor Noah opened Sunday Grammy Awards with monologue Here what said
tiktok bad,2023-01-27,Highsnobiety,A Pastor Says He Heard Rihanna Playing in Hell,certainly didn priest hearing Rihanna music hell bingo card here Pastor Gerald Jonhson took TikTok share alleged brief stint fiery depths hell talk about plot twist where Lift
tiktok bad,2023-01-19,Bleacher Report,Jason Kidd Rips Mavericks Defense After Hawks Loss It s a Shootaround,Dallas Mavericks head coach Jason Kidd ripped team defensive effort following loss Atlanta Hawks Wednesday night According
tiktok bad,2023-01-27,kottke.org,The Enshittification Lifecycle of Online Platforms,This piece Cory Doctorow TikTok enshittification also available Wired contains some best simplest descript
tiktok bad,2023-01-31,Business Insider,Investors beware the Great Fraud Reckoning is upon us,shaky economy falling stock market started expose some charlatans history shows that biggest scams come
tiktok bad,2023-01-11,Variety,Bad Bunny Makes History and Taylor Swift Rules Sales as Music Biz Sees Further Growth Report,another year growth albeit less robust than recent years biggest surprise Luminate year report music business fare story that been developing before eyes each week since official
tiktok bad,2023-01-06,Vice News,Afroman Got Raided by Cops So He Put Them in His Music Video,only thing could take sing about injustice
tiktok bad,2023-01-19,Highsnobiety,Step Aside Soph Aspin Kim K Is BGMedia s New Queen,internet Just when think seen catches guard once more surprising with tricks treats TikTok particular plays home weird wonderful things never wanted never knew needed
tiktok bad,2023-02-06,The A.V. Club,Here are the winners for the Grammys,annual Grammy awards After this year Grammys retire that today Here abbreviated list winners from Grammy awards which will updating throughout night Head over official Grammys websit
tiktok bad,2023-01-05,Apartment Therapy,The Simple but Essential Resolution Every Homeowner Should Make This Year,When think most important tools should have homeowner probably think hammers screwdrivers drills other essentials Mindy Otten Chen Handymin Help Brooklyn member Matriarchy Build thinks that
tiktok bad,2023-01-10,Jonandnic.com,Old Man Yells at Cloud Technology has gotten objectively worse,common trait amongst these examples actually evolution technology that made things worse application that technology that ruined everything
tiktok bad,2023-01-25,The Guardian,Why it s time to stop filming strangers in public for social media thrills Jason Okundaye,None absolute right privacy public whatever happened respecting people basic dignity Once when younger would dress somewhat outrageously caught stranger recording phone danced tube
tiktok bad,2023-01-27,Screen Rant,Kim Kardashian Shades Kylie Jenner In Bad Makeup TikTok,Kardashians star Kardashian seemingly threw shade younger sister Kylie Jenner makeup brand funny video TikTok
tiktok bad,2023-02-01,Fashionista,Elle Fanning Misses the Smells of Childhood Play Doh Polly Pocket and Cotton Candy,What does Elle Fanning consider perfect fragrance about nostalgia drawn throwback aromas that evoke sweet memories sugar dolls more from childhood girl that wore scents like cotton candy very teen tells
tiktok bad,2023-01-25,SÃ¼ddeutsche Zeitung,Social Media CSU l scht umstrittenen S der Clip auf Videoplattform Tiktok,kurze Video zeigt mehrere junge Frauen hrend Song Band Bloodhound Gang diesem wird unmissverst ndlich aufgefordert Schadensbegrenzung
tiktok bad,2023-01-17,Digiday,Ad spending on TikTok defies advertising slowdown,Even marketers continue scrape dollars back wherever they whether that from Facebook they stop pouring money into short form video
tiktok bad,2023-01-12,Internazionale.it,Steve Lacy Buone abitudini,musicista statunitense origini filippine canzone habit arrivata sorpresa testa alle classifiche statunitensi grazie TikTok consacrato come rock star atipica Leggi
tiktok bad,2023-02-04,CNET,The Grammy Awards Are Sunday Here s the Nominees List CNET,Watch stream music biggest night Sunday
tiktok bad,2023-01-07,The New Republic,The Viral Stupidity of Politicians TikTok Bans,What biggest problems that people Rapid City South Dakota have face argue that citizens should most concerned that sole reason state seems exist provide haven oligarchs cheats everyone
tiktok bad,2023-01-30,The Atlantic,Never Underestimate Jennifer Coolidge,Even before comeback actor excelled humanizing characters were written mere laughingstocks
tiktok bad,2023-01-31,Business Insider,I followed Nancy Pelosi s diet of breakfast ice cream and hot dogs for a week and I ping ponged between euphoria and the depths of despair,year former Speaker follows diet wealthy toddler with zero parental supervision wanted experience myself
tiktok bad,2023-01-18,Forbes,Why Sped Up Music From SZA Steve Lacy And Many More Took Over TikTok And Became A Key Marketing Strategy,curated remixes with faster beats high pitched vocals have gotten popular that artists hopping trend themselves
tiktok bad,2023-01-13,Forbes,Dear Netflix Give Your Cancelled Shows The Final Seasons They Deserve And Everybody Wins,Killing shows before they have chance wrap Netflix subscribers also Netflix shareholders Netflix business time better
tiktok bad,2023-01-07,Eonline.com,TikToker Alix Earle Tells All About Her Breast Augmentation,Honesty breast policy TikTok star Alix Earle celebrating what calls boobaversary marks year having breast implants TikTok video year
tiktok bad,2023-01-25,Techdirt,Seattle School District Files Laughably Stupid Lawsuit Against Basically Every Social Media Company For Being A Public Nuisance,just wrote about Utah ridiculously silly plans every social media company being dangerous children which pointed that actual research doesn support underlying argument forgot that weeks Seattle
tiktok bad,2023-01-25,Washington Examiner,Don t mistake big tech for bad tech Washington Examiner,Last year pivotal tech industry Twitter underwent dramatic changes TikTok faced scrutiny concerns related Chinese espionage However perhaps biggest trend tech misguided effort harm American technology companies
tiktok bad,2023-01-11,Rolling Stone,TikTok s True Crime Community Is Turning on Idaho Murder Survivors,true crime machine brings larger questions about ethical nature treating murder like entertainment
tiktok bad,2023-02-02,Slate Magazine,The Backlash Against America s Most Popular Novelist Is Way Less Satisfying Than I d Hoped,work prompts plenty questions Some better than others
tiktok bad,2023-01-25,Techdirt,Biden FCC Like Trump FCC Spends A Disproportionate Amount Of Time Hyperventilating About China,clear Chinese government violent authoritarian mess making networks more resilient Chinese attacks important thing telecom policy bizarrely obsessed with China point where other policies especially
tiktok bad,2023-02-01,Vice News,This TikToker Is Highlighting Horrifying Conditions in NYC Public Housing,Some worst that have seen been here Kwajo Tweneboa said visit York City
tiktok bad,2023-01-12,Vice News,My AI Is Sexually Harassing Me Replika Users Say the Chatbot Has Gotten Way Too Horny,some longtime users chatbot gone from helpful companion unbearably sexually aggressive
tiktok bad,2023-01-11,Jovemnerd.com.br,Os Dois Morrem no Final vai ganhar s rie na Netflix,Best seller Adam Silvera ganhar seriado pelo criador Bridgerton produzido pelo sico Bunny post Dois Morrem Final ganhar Netflix appeared first Jovem Nerd
tiktok bad,2023-01-26,Business Insider,Why do people buy crackpot conspiracy theories,Belief conspiracy theories driven ignorance isolation insanity something more common scarier
tiktok bad,2023-01-08,Deadline,How M GAN Boogied Her Way To The Box Office Via TikTok Sequel Already In Works,EXCLUSIVE James been labeled fans being responsible killer doll movies specifically Conjuring franchise spinoff Annabelle funny really hadn done that says horror auteur that prime reason create
